variant,clinvar_label,true_label,pred_score,damage_score,pred_class,correct
G1788V,Pathogenic,,-1.0415207424387398,1.0415207424387398,Pathogenic,1.0
W1837R,Pathogenic,-1.0480609685,-0.9893532989165994,0.9893532989165994,Pathogenic,1.0
S1655P,Pathogenic,,-0.9103897083533439,0.9103897083533439,Pathogenic,1.0
T1685I,Pathogenic,-1.321865633375,-0.9091755099149426,0.9091755099149426,Pathogenic,1.0
R1699W,Pathogenic,,-0.8815685375396232,0.8815685375396232,Pathogenic,1.0
F1761S,Pathogenic,-1.11120503125,-0.8596867744825638,0.8596867744825638,Pathogenic,1.0
D1692H,Pathogenic,,-0.8505301224448323,0.8505301224448323,Pathogenic,1.0
L1786P,Pathogenic,,-0.8439849353347635,0.8439849353347635,Pathogenic,1.0
F1734I,Pathogenic,-1.664968915,-0.7812218918183376,0.7812218918183376,Pathogenic,1.0
L1764P,Pathogenic,-1.5650376753750002,-0.7423056258183918,0.7423056258183918,Pathogenic,1.0
V1736A,Pathogenic,-0.46874336162499997,-0.6392866187365589,0.6392866187365589,Pathogenic,1.0
V1713A,Pathogenic,-1.147756508125,-0.6334480865835921,0.6334480865835921,Pathogenic,1.0
L1854P,Pathogenic,,-0.5550182896013486,0.5550182896013486,Pathogenic,1.0
A1789T,Pathogenic,,-0.524742585243364,0.524742585243364,Pathogenic,1.0
M1652T,Benign,,-0.39553899649889707,0.39553899649889707,Pathogenic,0.0
I1723T,Benign,0.148972818625,-0.21564512985034415,0.21564512985034415,Pathogenic,0.0
E1682K,Benign,-0.09605418874999999,-0.04618201872420191,0.04618201872420191,Benign,1.0
T1675I,Benign,-0.047759728625,-0.031586410350513405,0.031586410350513405,Benign,1.0
F1662S,Benign,,-0.02946749418626593,0.02946749418626593,Benign,1.0
P1859R,Benign,-0.211398077,-0.011195680651290785,0.011195680651290785,Benign,1.0
S1577P,Benign,,-0.010602733834359612,0.010602733834359612,Benign,1.0
K1606E,Benign,,0.0027937395327186643,-0.0027937395327186643,Benign,1.0
P1856S,Benign,0.0113508355,0.009053628189339746,-0.009053628189339746,Benign,1.0
P1614S,Benign,,0.009604982958914321,-0.009604982958914321,Benign,1.0
I1858L,Benign,0.120437296125,0.010391081677870506,-0.010391081677870506,Benign,1.0
M1827L,Benign,-0.26849807049999996,0.010851002681950883,-0.010851002681950883,Benign,1.0
A1584S,Benign,,0.01171947891319225,-0.01171947891319225,Benign,1.0
N1819S,Benign,,0.016655192600989743,-0.016655192600989743,Benign,1.0
