model,alphamissense,global_structural,local_structural,biochemical,structural_energy,residue_context
random_forest,0.034029100215677684,0.0010412437367356973,0.000854890902668655,0.001056177064164971,0.002339687311582602,0.0009921126336603701
xgboost,0.034176021814346313,0.002458406612277031,0.001882294425740838,0.0016087931580841541,0.004181054886430502,0.0005747101386077702
